[null,{"name":"croles","temp":"msg","event-type":"1","actions":[{"storage":"1","varName":"1","changeType":"0","value":"R6S","name":"Control Variable"},{"storage":"1","varName":"2","changeType":"0","value":"PUBG","name":"Control Variable"},{"storage":"1","varName":"3","changeType":"0","value":"CSGO","name":"Control Variable"},{"storage":"1","varName":"4","changeType":"0","value":"Programmer","name":"Control Variable"},{"storage":"1","varName":"5","changeType":"0","value":"ContentCreator","name":"Control Variable"},{"storage":"2","varName":"ting","changeType":"0","value":"R6S","name":"Control Variable"}],"_id":"xEjlz"},{"name":"member count","temp":"","event-type":"6","_id":"WDdJY","actions":[{"server":"0","varName":"","info":"17","storage":"2","varName2":"members","name":"Store Server Info"},{"gameName":"Current members ${serverVars(\"members\")}","gameLink":"","name":"Set Bot Game"}]},{"name":"member count","temp":"","event-type":"7","_id":"WDdJY","actions":[{"server":"0","varName":"","info":"17","storage":"2","varName2":"members","name":"Store Server Info"},{"gameName":"Current members ${serverVars(\"members\")}","gameLink":"","name":"Set Bot Game"}]},{"name":"member count","temp":"","event-type":"1","_id":"WDdJY","actions":[{"server":"0","varName":"","info":"17","storage":"2","varName2":"members","name":"Store Server Info"},{"gameName":"Current members ${serverVars(\"members\")}","gameLink":"","name":"Set Bot Game"}]},{"name":"revoke","temp":"channel","event-type":"9","_id":"MhKDK","actions":[]}]